{
	"credit": "Made with Blockbench",
	"parent": "minecraft:item/handheld",
	"textures": {
		"layer0": "evilcraft:item/necromancer_staff"
	},
	"display": {
		"thirdperson_righthand": {
			"rotation": [0, 90, 37.5],
			"translation": [0, 4.5, 0.75],
			"scale": [2, 2, 1]
		},
		"thirdperson_lefthand": {
			"rotation": [0, -90, -37.5],
			"translation": [0, 4.5, 0.75],
			"scale": [2, 2, 1]
		},
		"firstperson_righthand": {
			"rotation": [0, -75, 46.5],
			"translation": [1, 0, 0.5],
			"scale": [1.5, 1.5, 0.5]
		},
		"firstperson_lefthand": {
			"rotation": [0, 100, -46.5],
			"translation": [1, 0, 0.5],
			"scale": [1.5, 1.5, 0.5]
		},
		"ground": {
			"translation": [0, 8, 0],
			"scale": [1.5, 1.5, 1]
		}
	}
}