{
    "parent": "block/block",
    "__comment": "Model generated using Mr_crayfish's Model Creator (http://mrcrayfish.com/modelcreator/)",
    "textures": {
        "particle": "evilcraft:block/environmental_accumulator_side",
        "0": "evilcraft:block/environmental_accumulator_side",
        "1": "evilcraft:block/environmental_accumulator_bottom",
        "2": "evilcraft:block/environmental_accumulator_top"
    },
    "elements": [
        {
            "name": "bottom",
            "from": [ 0.0, 0.0, 0.0 ], 
            "to": [ 16.0, 14.0, 16.0 ], 
            "faces": {
                "north": { "texture": "#0", "uv": [ 0.0, 2.0, 16.0, 16.0 ] },
                "east": { "texture": "#0", "uv": [ 0.0, 2.0, 16.0, 16.0 ] },
                "south": { "texture": "#0", "uv": [ 0.0, 2.0, 16.0, 16.0 ] },
                "west": { "texture": "#0", "uv": [ 0.0, 2.0, 16.0, 16.0 ] },
                "up": { "texture": "#1", "uv": [ 0.0, 0.0, 16.0, 16.0 ] },
                "down": { "texture": "#1", "uv": [ 0.0, 0.0, 16.0, 16.0 ] }
            }
        },
        {
            "name": "c1",
            "from": [ 0.0, 14.0, 0.0 ], 
            "to": [ 16.0, 16.0, 5.0 ], 
            "faces": {
                "north": { "texture": "#0", "uv": [ 0.0, 0.0, 16.0, 2.0 ] },
                "east": { "texture": "#0", "uv": [ 11.0, 0.0, 16.0, 2.0 ] },
                "south": { "texture": "#1", "uv": [ 0.0, 0.0, 16.0, 2.0 ] },
                "west": { "texture": "#0", "uv": [ 0.0, 0.0, 5.0, 2.0 ] },
                "up": { "texture": "#2", "uv": [ 0.0, 0.0, 16.0, 5.0 ] },
                "down": { "texture": "#0", "uv": [ 0.0, 0.0, 16.0, 6.0 ] }
            }
        },
        {
            "name": "c2",
            "from": [ 0.0, 14.0, 11.0 ], 
            "to": [ 16.0, 16.0, 16.0 ], 
            "faces": {
                "north": { "texture": "#1", "uv": [ 0.0, 0.0, 16.0, 2.0 ] },
                "east": { "texture": "#0", "uv": [ 0.0, 0.0, 6.0, 2.0 ] },
                "south": { "texture": "#0", "uv": [ 0.0, 0.0, 16.0, 2.0 ] },
                "west": { "texture": "#0", "uv": [ 10.0, 0.0, 16.0, 2.0 ] },
                "up": { "texture": "#2", "uv": [ 0.0, 11.0, 16.0, 16.0 ] },
                "down": { "texture": "#0", "uv": [ 0.0, 0.0, 16.0, 6.0 ] }
            }
        },
        {
            "name": "c3",
            "from": [ 0.0, 14.0, 5.0 ], 
            "to": [ 5.0, 16.0, 11.0 ], 
            "faces": {
                "north": { "texture": "#0", "uv": [ 0.0, 0.0, 5.0, 2.0 ] },
                "east": { "texture": "#1", "uv": [ 5.0, 0.0, 10.0, 2.0 ] },
                "south": { "texture": "#0", "uv": [ 0.0, 0.0, 5.0, 2.0 ] },
                "west": { "texture": "#0", "uv": [ 5.0, 0.0, 10.0, 2.0 ] },
                "up": { "texture": "#2", "uv": [ 0.0, 5.0, 5.0, 11.0 ] },
                "down": { "texture": "#0", "uv": [ 0.0, 0.0, 5.0, 5.0 ] }
            }
        },
        {
            "name": "c4",
            "from": [ 11.0, 14.0, 5.0 ], 
            "to": [ 16.0, 16.0, 11.0 ], 
            "faces": {
                "north": { "texture": "#0", "uv": [ 0.0, 0.0, 5.0, 2.0 ] },
                "east": { "texture": "#0", "uv": [ 6.0, 0.0, 11.0, 2.0 ] },
                "south": { "texture": "#0", "uv": [ 0.0, 0.0, 4.0, 1.0 ] },
                "west": { "texture": "#1", "uv": [ 5.0, 0.0, 10.0, 2.0 ] },
                "up": { "texture": "#2", "uv": [ 11.0, 5.0, 16.0, 11.0 ] },
                "down": { "texture": "#0", "uv": [ 0.0, 0.0, 5.0, 5.0 ] }
            }
        }
    ]
}